iter	MultiClass
0	7.774657613
1	7.720664794
2	7.661296752
3	7.6136911
4	7.553716835
5	7.50828309
6	7.459622443
7	7.418443468
8	7.379583239
9	7.338367702
10	7.30071992
11	7.266196431
12	7.232563406
13	7.199235852
14	7.164832663
15	7.134307419
16	7.10072452
